0569416720,東京太郎,男,東京都hogehoge区,090-1234-5678,qqqqqqqqqqqq@examp,雑誌  ,あ,今日は良い天気ですね。<br>ぜんぜん楽しくねえな
1590217511,東京太郎,男,東京都hogehoge区,090-1234-5678,qqqqqqqqqqqq@examp,雑誌  ,あ,今日は良い天気ですね。<br><br><br><br><br><br>ぜんぜん楽しくねえな<br>
1730439066,東京花子,女,京都,000-000-000,0@0,雑誌 新聞  ,あ,0000000000<br><br><br><br><br><br><br><br>
1264086238,東京花子,女,京都,000-000-000,0@0,雑誌 新聞  ,あ,0000000000<br><br><br><br><br><br><br><br>
0487533529,東京花子,女,京都,000-000-000,0@0,雑誌 新聞  ,あ,0000000000<br/><br$gt;<br$gt;<br$gt;<br/><br$gt;<br/><br$gt;
1416699894,東京花子,女,京都,000-000-000,0@0,雑誌 新聞  ,あ,0000000000<br>$lt;br$gt;$lt;br$gt;$lt;br$gt;<br>$lt;br$gt;<br>$lt;br$gt;
0320777995,東京太郎,女,a県a市a町,000-000-000,00000000@00000000,雑誌 新聞  ,あ,<br>aaa<br><br>dddddddddd
0795067623,東京太郎,女,a県a市a町,000-000-000,00000000@00000000,雑誌 新聞  ,あ,<br>aaa<br><br>dddddddddd
0321642778,東京太郎,女,a県a市a町,000-000-000,00000000@00000000,雑誌 新聞  ,あ,＜br＞aaa＜br＞<br>dddddddddd
1928399532,東京太郎,女,a県a市a町,000-000-000,00000000@00000000,雑誌 新聞  ,あ,＜br＞aaa＜br＞<br>dddddddddd
1222174064,東京太郎,女,a県a市a町,000-000-000,00000000@00000000,雑誌 新聞  ,あ,/$&%br%&$/aaa/$&%br%&$/<br>dddddddddd
0511842079,森清史,男,<bold>埼玉</bold>,000-0000-0000,afom@gmail.com,新聞  ,い,asgasdgasgasfagasf<br>sfhadhs
0760985284,東京太郎,女,a県a市a町,000-000-000,00000000@00000000,雑誌 新聞  ,あ,ｓｓｓｓｓｓｓｓｓｓｓｓｓｓｓ<br>ｋｋｋ
0760985284,東京太郎,女,a県a市a町,000-000-000,00000000@00000000,雑誌 新聞  ,あ,ｓｓｓｓｓｓｓｓｓｓｓｓｓｓｓ<br>ｋｋｋ
0379337766,東京太郎,男,a県a市a町,000-000-000,00000000@00000000,雑誌 新聞  ,あ,/$&%br%&$//$&%br%&$/うわあああああああああああああああああああああああああああああああああああああああああああああああああああああああああ
0848793650,東京太郎,不明,a県a市a町,000-000-000,00000000@00000000,雑誌 新聞  ,あ,333333333333333333333
0487650134,高田太郎,男,,000-000-000,66666@666666666,雑誌 新聞  ,い,/$&%br%&$//$&%br%&$/<br>うわああああああああああああああああああああああああああああああああ
0487650134,高田太郎,男,,000-000-000,66666@666666666,雑誌 新聞  ,い,/$&%br%&$//$&%br%&$/<br>うわああああああああああああああああああああああああああああああああ
0487650134,高田太郎,男,,000-000-000,66666@666666666,雑誌 新聞  ,い,/$&%br%&$//$&%br%&$/<br>うわああああああああああああああああああああああああああああああああ
1845713875,東京太郎,男,a県a市a町,000-000-000,00000000@00000000,雑誌 新聞  ,あ,いいいいいいいいいいい
1845713875,東京太郎,男,a県a市a町,000-000-000,00000000@00000000,雑誌 新聞  ,あ,いいいいいいいいいいい
1523778314,東京太郎,不明,a県a市a町,000-000-000,00000000@00000000,雑誌 新聞  ,あ,333333333333333333333
1590264708,東京太郎,不明,a県a市a町,000-000-000,00000000@00000000,雑誌 新聞  ,あ,333333333333333333333
1554572256,ああああああああああ１あｓぢ８＄＄＄,魚,1234567uiukgjhgfdfgvnmjhokoijhu8g7ytfつぇdcghvdｈｊｆｈｓｆｇｆｇｆｇｇｆふふうふっふうっふうｈ,1111-1111-2222,えｄｆｋｍｌｋｇｍｓｋｆｌｇｒｍｇｆんｇｋｌんｇｌｌんｋｌ@mf；sｄｍごうぇｆｖのえｆのえう０９３うじうぇお, ,い,
1486189331,東京太郎,男,a県a市a町,000-000-000,00000000@00000000,雑誌 新聞  ,あ,aaaaaaaaaaaaaa<br>aaaaaaaaaaaaaa<br>aaaaaaaaaaaaaaa
1486189331,東京太郎,男,a県a市a町,000-000-000,00000000@00000000,雑誌 新聞  ,あ,aaaaaaaaaaaaaa<br>aaaaaaaaaaaaaa<br>aaaaaaaaaaaaaaa
1486189331,東京太郎,男,a県a市a町,000-000-000,00000000@00000000,雑誌 新聞  ,あ,aaaaaaaaaaaaaa<br>aaaaaaaaaaaaaa<br>aaaaaaaaaaaaaaa
1486189331,東京太郎,男,a県a市a町,000-000-000,00000000@00000000,雑誌 新聞  ,あ,aaaaaaaaaaaaaa<br>aaaaaaaaaaaaaa<br>aaaaaaaaaaaaaaa
0804805762,東京太郎,不明,a県a市a町,000-000-000,00000000@00000000,雑誌 新聞  ,あ,ssssssssssssssssssssssssssssssssss<br>ssssssssssssssssssssss<br>sssssssssssssssssssssssssss<br>
1678170045,東京太郎,不明,a県a市a町,000-000-000,00000000@00000000,雑誌 新聞  ,あ,ssssssssssssssssssssssssssssssssss<br>ssssssssssssssssssssss<br>sssssssssssssssssssssssssss<br>
0517350309,東京太郎,不明,a県a市a町,000-000-000,00000000@00000000,雑誌 新聞  ,あ,ssssssssssssssssssssssssssssssssss<br>ssssssssssssssssssssss<br>sssssssssssssssssssssssssss<br>
1762312686,東京太郎,女,a県a市a町,000-000-000,00000000@00000000,雑誌 新聞  ,あ,hhsgkg;:edlz<br>fasdl;gasdjk;l<br>fkadls;:gla<br>
